SKU;Product title;Product description;Parent Category;Child Category;Attribute (optional);Attribute Options (Optional);Cost Price;Sale Price;Regular Price;Product URL;;;
DM7146;LCD Digital Alarm Clock;Wall Clocks Magnetic LCD Digital Alarm Clock Large Screen Date Temperature Humidity Display Multi-functional MountedAvailable color will be supplied;;;;;127,2;175;239;https://dumeycreations.co.za/products/lcd-digital-alarm-clock-1;;;
DM5893, DM3844, DM1704, DM7265;Inpods12 TWS Wireless Bluetooth Earbuds ;The latest TWS binaural stereo, Bluetooth headset with the Raychem 5.0 chip gives you very efficient wireless performance. The Raychem 5.0 chip manages battery life very well, allowing you to listen for 3-5 hours on a single charge. The latest generation of TWS Bluetooth headsets, smart charging compartments, magnetic shock and electric charging, to achieve true wireless continuous power. It adopts Bluetooth V5.0 chip, 10m connection distance, stable performance, high transmission, low consumption and strong compatibility. Ergonomically designed for a more comfortable fit on the auricle. The two-ear split design allows the single ear to be used separately, equivalent to two independent. Bluetooth headsets. Strong compatibility, IOS/Android universal, one-button control, simple and stylish.;;;Color;Yellow, Black, Green, White;79,2;109;189;https://dumeycreations.co.za/products/inpods12-tws-wireless-bluetooth-earbuds?_pos=1&_sid=5cdd3e4fa&_ss=r;;;
DM7266;True Wireless Ear Pods And Charging Case (Pink);The latest TWS binaural stereo, Bluetooth headset with the Raychem 5.0 chip gives you very efficient wireless performance. The Raychem 5.0 chip manages battery life very well, allowing you to listen for 3-5 hours on a single charge. The latest generation of TWS Bluetooth headsets, smart charging compartments, magnetic shock and electric charging, to achieve true wireless continuous power. It adopts Bluetooth V5.0 chip, 10m connection distance, stable performance, high transmission, low consumption and strong compatibility. Ergonomically designed for a more comfortable fit on the auricle. The two-ear split design allows the single ear to be used separately, equivalent to two independent. Bluetooth headsets. Strong compatibility, IOS/Android universal, one-button control, simple and stylish.;;;;;87,2;119;199;https://dumeycreations.co.za/products/true-wireless-ear-pods-and-charging-case-pink?pr_prod_strat=e5_desc&pr_rec_id=000dad3fc&pr_rec_pid=8367554199780&pr_ref_pid=7811584590052&pr_seq=uniform;;;
DM6241;M10 TWS Bluetooth Earbuds;Wireless Earbuds Bluetooth 5.1 Headphones Wireless Earphones. Battery Charge Time : 1 Hour. Bluetooth Range : 30m. Bluetooth Version : 5.1. Charging Type : Micro USB. Color : Black. Compatibility : All Smartphones. Frequency : 100 Hz. Material : ABS Plastic. Mic : Yes. Model Name : m 10. Net Quantity (N) : 1. Noise Cancelling : Yes. Play Time : Above 20 Hours. Type : TWS. Water Resistant : Yes. Up to 220 hours play time, charge as you go - built-in 2000mAh rechargeable battery charging case, wireless earbuds can play for 5.5 hours on a single charge, portable charger box recharge can provide 220 hours playback. It can be charged automatically once the earbuds is put in the charging case. You can go out for fun without worrying about battery shortage, your needs are met from the start of the day to its end.;;;;;87,2;119;159;https://dumeycreations.co.za/products/m10-tws-bluetooth-earbuds?pr_prod_strat=e5_desc&pr_rec_id=334853022&pr_rec_pid=8025264586980&pr_ref_pid=8367531524324&pr_seq=uniform;;;
DM2229;Fresh Fruit Feeding Pacifier;The fresh fruit feeder is made from the highest food grade silicone that is BPA free, latex free, petroleum free, lead and phthalate free making baby pacifiers absolutely safe. Soft silicone surface with baby food strainer makes it easy to chew, suck and clean. It can store fresh or frozen fruit, vegetables, breast milk or even medicine, which can help relieve teething pain. Also our multifunctional baby fruit nibbler can be used as a baby teething pacifier and massager for gums. This will allow you to soothe baby's teething discomfort and solve many other oral problems in young children.;;;Boy;;23,2;55;130;https://dumeycreations.co.za/products/feeding-pacifier;;;
DM5902;Baby Love Chair Potty;Is potty training your child stressing you out?We’ve got you covered! With a comfortable design and a size that makes it easy for toddlers to reach the potty training goals.Our Potty Training Toilet encourages your little one to use the toilet on their own, while still being safe!The toilet bowl and splash guard can be removed from the plastic base for easy cleaning, making potty training easier and more hygienic for you and your little one.It is a useful tool for enhancing a child's confidence in expanding their abilities by helping them feel confident, independent and safe.;;;;;127,2;165;245;https://dumeycreations.co.za/products/baby-love-chair-potty;;;
DM8070;Rotating Jewelry Display Holder (3 Tier);Available colour will be supplied. Can be used to hang earrings, bracelet and necklace, etc. Display your jewelry collection neatly and save your space. This display stand is ideal for both retail displays or personal use, you can use it to display merchandise in retail stores, showrooms and shopping malls, or use it as a jewelry organizer to hang your jewelry, necklaces, earrings, etc.;;;;;79,2;130;199;https://dumeycreations.co.za/products/rotating-jewelry-display-holder-3-tier;;;
DM4741;Crystal Hair Removal Epilator;Simply rub it to your skin in a circular motion for a hair-free body! This process also helps exfoliate, revealing baby smooth skin after use. It won't harm your skin like traditional hair removal creams razor and waxes. Make the hair removal process more comfortable! There is finally a solution better than shaving or waxing when it comes to unwanted hair. Something that is less painful and long-lasting. The Hair removal epilator for women and men magically removes hair, with a simple circular motion using a crystal;;;;;23,2;85;120;https://dumeycreations.co.za/products/hair-removal-epilator;;;
DM4467;Silicone Shampoo and Body Massage Brush ;Safe Silicone: This body scrubber adopts safe and durable silicone material, gently massage your scalp and body.Ergonomic Handle: This silicone body brush with perfect size features ergonomic handle that ensures comfortable grip.Fatigue Relief: This silicone scrubber can be used to massage your hair, scalp and body, relieving your nerve and fatigue.Dual Side: This silicone bath brush also features dual sides design, suitable for curly hair, straight hair, thin hair and think hair.Ideal Gift: This silicone body scrubber with ergonomic design is ideal gift for your friends and family.;;;;;23,2;35;99.00;https://dumeycreations.co.za/products/silicone-shampoo-and-body-massage-brush;;;
DM8161;Anti-slid Hair Styling Comb Straightener;Suitable for all hair types, allowing you to achieve your desired hairstyle easily and efficiently. Gentle On Hair: With its tourmaline ceramic technology, this Rechargeable Mini Hair Straightener is gentle on your hair, minimizing damage while providing beautiful and smooth results. Easy To Use: The ergonomic of this Wireless Mini Hair Straightener makes it easy to hold and maneuver, ensuring a comfortable and effortless hair styling experience. Safe And Durable: Made with ceramics materials, this Electric Straightening Comb is safe and durable, ensuring long-lasting performance and during use. Wet And Dry Dual Use: With its wet and dry dual-use feature, this hair straightener can be used on both wet and dry hair, making it versatile and convenient for any hair styling needs;;;;;63,2;120;199;https://dumeycreations.co.za/products/usb-led-vanity-mirror-light-strip-copy;;;
DM0853;One-Step Hot Air Brush Dryer;A perfect brushing, without the fussNo need to spend long minutes drying, styling and straightening your hair, the PERFECT BRUSH does it all in one quick and easy stepPractical and innovative, it contains a negative ion generator that eliminates frizz while taking care of your hair.They will be more beautiful and softerThe brush has 3 settings, low, medium, high, for all hair types and for optimal comfort of use.Join hundreds of other women and try the PERFECT BRUSH 3 in 1 brush now to simplify your hair routine!;;;;;135,2;209;369;https://dumeycreations.co.za/products/one-step-hair-dryer-styler-and-volumizer-hot-air-brush;;;
DM9107;Vintage Professional Hair Clipper (For Him);"This is the best wireless hair clippers for barbers for contouring, designing, and dry shaving. Mini cordless Clippers make it easy for you to cut your hair and beard quickly and cleanly. You can use it to create any style.The cordless professional complete kit is environmental protection lithium battery, 1200mah large capacity battery. 2.5 hours to charge, can use 300 minutes USB cable can be compatible with any USB charger port. You can use maximum mobility and convenience while leaving the charger.The haircut kit scissors is powerful motor and sharp blade to cut hair easily and quickly without getting stuck in hair; Comes with 4 accessory guide combs: (1.5mm/2mm/3mm/4mm) to help you cut your hair the way you want, friendly for beginnersThe tefuturein trimmer provides more power and lower noise, you can enjoy the pleasure of shaving in peace. It's great for traveling. This electric shaver is suitable for men and women, the elderly and children. The haircut kit scissors is ergonomic design, easy to hold and use, exquisite small, comfortable to hold. Father's Day, Thanksgiving, Christmas, New Year's, and other holiday gifts for men/dad/husband/boyfriend/lady/mom haircut and beard";;;;;55,2;120;199;https://dumeycreations.co.za/products/vintage-professional-hair-clipper;;;
DM5569;Non Slip Sheet Holder (4pcs);This Fitted bed sheet clips are made of ABS plastic, durable and sturdy, distortion-free that will grip your bed sheets firmly.These snap on bed sheet clips will lock the sheets tightly and will not release easily, preventing your sheet, mattress from moving, non-slip.These bed sheet clips have a non-slip design, simply insert the sheet holders under the mattress, press the button up to the upper hole and secure it.These bed sheet clips are also easy to remove when not using it, you can simply put it down.;;;;;23,2;95;150;https://dumeycreations.co.za/products/non-slip-sheet-holder-4-pcs;;;
DM9098;Adjustable Multi cup holder;"Auto Adjustable Multi cup holderDurable, lightweight and take up small space;Small but practical, can place Mobile Phone, Key, Sunglasses, Pen and small things;Attractive appearance, convenient and practical, nice decoration for your car;Creates extra storage within easy reach;";;;;;95,2;125;230;https://dumeycreations.co.za/products/adjustable-multi-cup-holder;;;
DM2236;360 Degree Rotation Multifunctional Car Phone Holder;"Telescopic Car Rear-view Mirror Phone Mount Holder Concealed Crab Clip Bracket Rotary Auto Seat Smartphone Support Accessory It can rotate at 900 ° to give you a satisfactory angle to meet the needs of different lines of sight.360 ° supports horizontal and vertical screen switching, and the navigation angle can be adjusted at will, so that you can better plan the route and drive. Large size and clamp; large clamping distance. 58-90mm adjustable width, suitable for most mobile phones on the market; 14-30mm clip width, clip wherever you want, super flexibleSuper stable. The buckle is equipped with strong spring. Mobile phones with multiple screen sizes can't be thrown off Easy to install. The second generation of new crab pliers design, fast locking. Save time and effortOne button telescopic, easy operation. Gently press the unlock key to extend the support instantly Concealed design. When in use, just pull the bracket out of the rearview mirror; If you don't need it, you can gently push to hide the bracket behind the rearview mirror without disturbing your line of sight and ensure your driving safety. Applicable to multiple functions and scenarios. A multifunctional mobile phone bracket with a wide range of applications can be used in car rearview mirrors, car pillows, kitchens, restaurants, bedrooms and even students' online classes. In short, it can be used where it can be clamped.";;;;;63,2;189;249;https://dumeycreations.co.za/products/360-degree-rotation-multifunctional-car-phone-holder-auto-rearview-mirror-seat-hanging-clip-mount-cell-phone-bracket-accessores;;;
DM4979;Multifunctional Data Cable Conversion Head (Excluding Sim Cards);The mini digital gadget has four different ports for conversion, charging, transmission and more. Contains USB C cable with 3 USB adapters got all you need to charge and transfer data for Android/IOS devices.No fumbling for the right connector through a tangled mess. This portable storage box has all you need to charge and sync your device. The storage case protects the ends of the cables, and prevents them from getting tangled in your bag. All the adapters made of a scratch resistant aluminium alloy. The internal copper wire is larger and thicker than normal cables, which helps increase charging speed and transfer data for cell phones, tablets, laptops and other devices.This cable kit in 3.3*0.4 inches, it is easy to be taken in pocket, wallet and handbag. The digital travel kit with 3 storage slots, 2 for Nano SIM cards, 1 for micro SIM card storage (SIM cards are not included) and a SIM eject tool, help you swap and store your SIM cards easily. The carry case is also a phone holder.;;;;;28;55;79;https://dumeycreations.co.za/products/multifunctional-data-cable-conversion-head;;;
DM5156;Portable Power Bank (20000mAh);20000mAh powerful enough to juice up your phone for several times.Sturdy structure, not broken, very durable. 3A (max) outputs let you 2.5X faster power up your devices. The calibrated compass is very useful. Serves as not only an on-the-go charger but a handy flashlight in the dark. Solar charging offers more possibilities in emergency situations;;;;;191,2;329;495;https://dumeycreations.co.za/products/portable-power-bank-20000mah;;;
DM8883;4-In-1 Premium Fast Charging Cable;4-In-1 Charging Cable: This multifunctional charging cable has four ports that can charge and transfer data for multiple devices such as smartphones, tablets, drones, laptops, etcFast Charging: This multifunctional travel charging cable has a 65W output power and a data transfer speed of 480 Mbps, charging quicklyAdjustable Length: The spring cord is 1.3 feet long when rolled up and can be stretched to 4 feet. Its rebound function can easily adapt to your charging needsWear-Resistant And Durable: The 4-in-1 charging cable is made of high-quality TPU material, which is sturdy and durable, will not tangle, and is easy to useApplicable Scenarios: The 4-in-1 charging cable is compatible with a variety of devices, suitable for use at home or on the go, takes up little space, and is easy to carry;;;;;31,2;65;109;https://dumeycreations.co.za/products/4-in-1-premium-fast-charging-cable;;;
DM8882;4in1 Multi Charging Cable;4-In-1 Charging Cable: This multifunctional charging cable has four ports that can charge and transfer data for multiple devices such as smartphones, tablets, drones, laptops, etcFast Charging: This multifunctional travel charging cable has a 65W output power and a data transfer speed of 480 Mbps, charging quicklyAdjustable Length: The spring cord is 1.3 feet long when rolled up and can be stretched to 4 feet. Its rebound function can easily adapt to your charging needsWear-Resistant And Durable: The 4-in-1 charging cable is made of high-quality TPU material, which is sturdy and durable, will not tangle, and is easy to useApplicable Scenarios: The 4-in-1 charging cable is compatible with a variety of devices, suitable for use at home or on the go, takes up little space, and is easy to carry;;;;;39,2;65;109;https://dumeycreations.co.za/products/4in1-multi-charging-cable;;;
DM6043;Super Fast Charge (120W)(6A)(Mini USB);Product Name: Fast Charging CableCable Length: 1MSupport Fast Charge: YES,120W Super Fast ChargingSupport Data Transmission: YESInput: 5VOutput: 5V3A, 9V/2A;;;;;39,2;60;99;https://dumeycreations.co.za/products/copy-of-120w-6a-super-fast-charge-mini-usb-samsung;;;
DM6237;USB Extender Hub;"This 3-port high-speed hub is equipped with Lanyard's multi-port USB extender with 3 USB interface expansions, 1 USB3.0 and 2 USB2.0. Designed for data transfer, not for charging on the charger, don't have enough power to charge 3 devices at the same time. Can't charge app-le devices if you plug it into a USB port of your computer instead of a charger. 2 Port upgrade to USB 3.0, speed up to 5 Gbp/s. Two downstream USB 2.0 ports speed up to 480 Mb/s, easy to use, suitable for PC, laptop, Mac and any USB enabled computers Support hot-swappable on Windows 7/ Vista/ XP/ 2000/ ME/ 98/ 8/ 10; Mac OS 8.6-9.2/ OSX-10.6 With mini size, the feature of portable can let them be carried to anywhere you want";;;;;31,2;85;139;https://dumeycreations.co.za/products/usb-extender-hub;;;
DM2581;WiFi Repeater Range Extender;Wireless-N Repeater is mainly used to extend WIFI signals. It provides transmission speeds of up to 300Mbps. It has 2dBi ceramic chip Antennas providing even better wireless performance, transmission rates, stability technology automatically avoids channel conflicts using its channel selection feature. It also works well with other 802.11g and 802.11n protocol wireless products. The WIFI Repeater is a Combined Wired/Wireless Network Connection Device. Latest Software wizard for easy setup. Access to Wireless standard 802.11n with Wireless Transmission Speeds of Up to 300Mbps.Easy to Extends the Range of your WIFI Network, No Worry about the Obstacle Weaken the WIFI Signal. Also Works Well with Other 11b/g and 11n Protocol Wireless Products. Improves Wireless Coverage in all WLAN Networks. Provides up to 300Mbps Transmission Rates. Wireless access point or network extender to bring WIFI to your home, study or office. Antennas integrated. Use it to Extend the Range of your WIFI Network Over a Wider Area or Eliminate dead-spots due to low signal power. No Trailing Wires around the place. Downward complies with 802.11g (54Mbit/s) and 802.11b standard (11Mbit/s). Operating Temperature: 0 - 40 Degrees Celsius. Storage Temperature: 10 - 70 Degrees Celsius. Relative Humidity (Operational): 10% - 90%, noncondensing. Relative Humidity (Storage): 10% - 90%, noncondensing. Support 2.4 GHz WLAN networks. Support Wireless Repeater Mode and Standard AP Mod. Maximum WLAN security with WPA2, WPA and WEP (128/64). Distance: Outdoors 300m , Indoor 100m (According to the Actual. Environment Change).;;;;;143,2;199;330;https://dumeycreations.co.za/products/wifi-repeater-range-extender;;;
DM5184;Black Biking Gloves For Men (Large);Gloves can air-dry itself after washing for eliminating the salt and grease which were produced after your training, keep your gloves stay in a good condition for a long useWear-resistant and anti-slip texture, convenient to use.NOTE: The gloves are not suitable for weightlifting, and they're not suitable for intense exercise. Don't use machine washing, we suggest washing them by hands. Water temperature control below 40 degrees. A slight fade is a normal phenomenon when the first time washing. The gloves will not shrink.Provides comfort and warmth during cold winter.;;;;;87,2;139;219;https://dumeycreations.co.za/products/mens-biking-gloves-black;;;
DM9052;Neck Warmer Balaclava Scarf;Material: Polapolys & NeopreneColor: Available colours will be suppliedLength: 50cmHeight: about 25cm;;;;;23,2;55;89;https://dumeycreations.co.za/products/motorcycle-neck-warmer-balaclava-scarf;;;
DM9093;8K Ultra HD TV Stick Game Console + 2 x Wireless Controllers;The game selection is rich and diverse.20000 Premium Games: Support 4 players to play games at the same time, making you happier with your children or friends, portable 64-bit TV game console, Support PSP,PS1,N64,CP1,CP2,CP3,Neogeo,MAME,FC,SFC,GB,GBA,GBC,MD and other 14 simulator games, totaling 20000+ games.Smooth lines, simple and generous design, plug and play, with wireless handle, wireless handle signal range up to 8 meters. Compared with short-wired wired handles, wireless handles avoid getting close to the TV and protect your eyes more effectively. Mini TV game console with wireless controller is your best choice!It also features a TV box function.The TV Box offers limitless choices from top streaming services like Netflix, Amazon Prime, Disney+, Showmax, YouTube, and more (NOT compatible with DSTV NOW).Built-in Chromecast enables quick casting of photos, videos, and music from your smartphone, tablet, or PC directly to your TV screen.With the Google Play Store for Android TV, there's an app for everyone in the family, ensuring endless entertainment options.The TV Box 4K Ultra HD Quad Core Android TV Box equipped with 1GB DDR3 Memory, Bluetooth 4.0, 1 USB Port, 1 USB-C port, a MicroSD Card Slot, and 8GB of flash storage.HD Output: This TV game console is suitable for 8K Ultra-HD TV/monitor/projector and supports HD connection. With 8K HD picture quality, you can enjoy lively and interesting video games on the big screen. This classic mini TV game console is the perfect choice for everyone. It lets everyone enjoy the happy childhood of their parents. This will be a great holiday gift, The best birthday gift for children.;;;;;551,2;720;1100;https://dumeycreations.co.za/products/desktop-pen-organizer-copy;;;
DM5628;Luxury Flannel Wearable Heated Throw Blanket;The NEW heated shawl is made from warm flannel fabric, ultra soft and fluffy, great for chilly days. This Electric blanket can be plugged into any 5V USB port such as power bank, home adapter, laptop, car USB adapter. Whenever you're at home or in the office or camping, you can always feel warm with it.3 Heating temperature levels settings, one button control. Blue light - about 104?, White light - about 122?, Red light - about 150?. You can choose according to different needs. The wearable electric blanket can be used to cover knee, wrapped waist, draped over the shoulders, seat cushion, usb foot warmer, etc. Keep you warm and toasty while working at the desk, lounging reading or watching tv. Blanket size: 80*150cm/ 31.5*59in, not too big, ideal for personal use and easy to carry.;;;;For Her;263,2;365;499;https://dumeycreations.co.za/products/luxury-flannel-wearable-heated-throw-blanket;;;
DM4146;Hip Resistance Bands (3 pcs);Hip Resistance Bands Are Great For Adding Difficulty To Compound And Isolation Glute Exercises. 7X33cm, 7x30cm and 7 x 28cm bands included. Three different Resistance Level BandsThe hip bands have 3 different levels of resistance for choose, suitable for an experienced athlete or just beginners for fitness training.Powerful Exercise ToolThe most powerful exercising tool for women/men!You can do a lot of exercises with these workout bands, Pilates, Squats, Lunges, Glute Bridge, Donkey Kicks, Monster Walk, etc.These bands exercise your glutes, thighs, legs, abs, and shape your perfect curvy butt.;;;;;60;119;179;https://dumeycreations.co.za/products/hip-resistance-bands-set-of-3;;;
DM4536;Waist Trainer Vest;Journey to Sauna Sweat Workout: This 2-in-1 sauna suit, made of premium composite neoprene material, is ultra-soft, super-stretchy, sweat-wicking and heat-retaining. Putting on this sauna vest for men during your exercise routine can help you increase and preserve body heat, sweat 3 times faster than usual and burn more fat. With the help of this neoprene body shaper, your belly fat will soon be replaced by charming abdominal muscles.Instantly improve body shape: The 2.1mm thick waist trainer vest helps to sculpt your chest, waist and belly the moment you put on. It is specially designed to hide gynecomastia or man boobs, control tummy, flatten stomach and tighten muscles. Two extra belts could could lay more pressure on your abdomen and help you shed weight more efficiently. Our sauna compression vest will make you feel more confident.Provide Support & Improve Posture: This weight loss vest has 4.5mm wide steel bones around your midsection, which tends to stay put by not rolling up or down when you move. It provides 3D powerful support for your lumbar and tummy, making your backstay straight, protecting your spine and improving overall posture. Perfect for sports enthusiasts to reduce the risk of muscle strain during fitness exercise. Helps sedentary office staff to relieve back pain and those who need to recover from surgery.;;;;;103,2;145;208;https://dumeycreations.co.za/products/waist-trainer-vest;;;
DM4981;Mini Electric Massager;Micro-electric pulse massage relieve muscle discomfort, stimulate neuromuscular and cell, activate muscle vitality.The fabric is soft, skin-friendly and comfortable to use.Can alleviate physical fatigue, massage the whole body muscles, improve body function.One button to start the intelligent massage, easy to operate switch modes.Portable size and lightweight, it can be used anytime and anywhere.Suitable for multiple parts of the body such as neck, shoulder, leg, waist, arm, etc.;;;;;47,2;99;149;https://dumeycreations.co.za/products/mini-electric-neck-massager;;;
DM4350;Foldable Pill Case Organiser;(Available colour will be supplied) The small size makes it easy to carry, so it can be carried around for daily use, domestic and overseas travel, business trips. Perfect for storing medications, supplements, prescriptions and more.;;;;;31,2;45;69;https://dumeycreations.co.za/products/pill-case;;;
DM2726;Hot Neck Shoulder Wrap (Each);It is a weighted, hot and cold neck wrap that instantly calms you with deep pressure therapy while it soothes away pain or muscle aches. It helps take the tension and stress away so you can so you can comfortably get through your day. The secret is the weighted clay beads, which provide the perfect amount of pressure to help you relax. It can be warmed in the microwave for deep penetrating relief or chilled in the freezer for weighted cooling comfort.USE HOT- The weighted therapy wrap can be applied hot or cold for additional comfort & to ease aches and tension. To use it warm, simply put in the microwave to heat up. To use it cool, let rest in the refrigerator or freezer for one to two hours. Includes storage pouch for when you are warming or cooling to keep your weighted wrap clean.CLAY BEADS & AROMATHERAPY FILLING – ThermaComfort is filled with a mix of weighted clay beads and a natural herbal blend. The 3 pound weight is heavy enough to provide pressure for deep tissue stimulation. Aromatherapy releases a subtle scent that provides a refreshing experience & overall relaxation.USE ANYWHERE & ON THE GO – Create a spa-like oasis in your own home - sitting on the couch, lying in bed, working at your desk, in the car,– use it whenever and wherever you need weighted comfort – even if you’re walking or standing! Use ThermaComfort for pain relief, relaxation, a neck warmer, or a neck cooling pack.COMFORT FIT DESIGN –ThermaComfort is designed to cover your neck and shoulders to give you full comfort coverage. The breathable velveteen fabric is soft to the touch and conforms to your body’s natural shape. The high collar design covers the back of your neck and the wide shoulder spread sits comfortably & stays in place! ThermaComfort weighs 3 lbs and comes with a storage pouch for protection!;;;;;111,2;169;282;https://dumeycreations.co.za/products/calming-comfort-thermacomfort-weighted-hot-neck-shoulder-wrap-deep-pressure-therapy-herbal-aromatherapy-comfort-fit-design-3-lbs;;;
DM5681;Pill Cutter, Grinder Holder;Available colour will be supplied. The pill splitter for cutting small pills avoids cutting your hands and covers the blades when the tablet dispenser is open. It is equipped with a protection to create a safe cutting environment. Can be used to store pills, jewellery or small items. Suitable for storing small accessories or items such as earrings, beads, nail art, etc. Its portable and compact, easy to use, compact size for easy to carry.;;;;;47,2;69;102;https://dumeycreations.co.za/products/pill-box-dispenser-and-beauty-accessory-organizer;;;
DM5570;EMS Foot Massager;High-tech foot massager offers different treatment modes and intensity for your soles and body. Use low frequency pulse technology (EPS/EMS) for foot, ankle, Achilles tendon and calf muscle massage, to promote blood circulation and relax the feet.Adjustable intensity and vibration modes directly stimulate the acupuncture points, can quickly relieve soreness, slow down physical and mental fatigue, improve sleeping. 15 minutes is a course of treatment, when time is due, it is automatically shut off.It is made of soft yoga mat material with leather surface, capable of being dried with a wet towel after use. Quiet and no noise, can be used when watching TV, reading, working in the office or relaxing. Suitable for all foot types and different foot sizes.Different from the traditional heavy foot massager, the products are only a soft and comfortable foot pad. It is lightweight, foldable, easy to carry anywhere. You can have a little relaxation wherever you go.Especially suitable for travellers, middle-aged and elderly people, office crowds, women who often wear high heels, etc, relax your feet on a busy day and eliminate accumulated fatigue. It is also a decent gift for friends.Foot massager can fully balance the foot and heel, relax the calf muscles and form the calf. Regular foot massages help you to combat your daily discomfort.;;;;;71,2;109;249;https://dumeycreations.co.za/products/ems-foot-massager;;;
DM0383;U-Shaped Massage Pillow;Activates powerful healing while you relax Gives suitable pressure to relieve muscle pains Promotes blood circulation and relieves fatigue With built-in vibration motor for a relaxing massage Built-in timer - 10 mins Automatic off-working. Features 2 deep kneading rotation massage heads Offers 3 massage modes including kneading, vibration & individual vibration, or individual kneading Made from flannelette fabric and high rebound memory foam Offers approx. of 60 mins working hours when fully charged Easy to charge - USB chargeable;;;;;199,2;279;400;https://dumeycreations.co.za/products/u-shaped-massage-pillow;;;
DM6208;High Elastic Breathable Compression Socks (S/M);Relieves FatigueCompression WrapShock-absorbingWear ResistantPoint press pelletsScrew-applied textileReduce lactic acid build-up;;;;;55,2;79;119;https://dumeycreations.co.za/products/high-elastic-breathable-compression-socks;;;
DM6723;Anti Snoring Device;This anti snoring device is made of comfortable silicone and abs, totally BPA free and non toxic. anti snoring device the most comfortable anti snoring device on the market. Help You Stop Snoring, Breath Easily At Night And Sleep.Snore Stopper Aids Built-in Active Carbon Filter, Which Can Effectively Filter Harmful Particulate Matter In the Air, Be Safer To Get More Oxygen, Breathing Purified Air And Protect Your Health During Sleep Time.The Anti Snoring Device is The Perfect Solution For All Snorers, Not Only Can Effectively Relieve Snoring, It Also Promotes Improved Air Circulation In The Nose And Lungs And Increases Healthy Airflow, Effectively Solving The Problem Of Nasal Congestion. Improving Your Nights Sleep Dramatically.Anti Snoring Devices Are Easy To wear And Take Down, Simply Insert The Vent Into The Nostrils And Sleep Quietly. When Placed Inside The Nostrils Correctly, You Should Notice Immediate Results Of Being Able To Inhale Deeper Due To Passageways Being Opened. Suitable for Any Shape of Nostrils. Just Wash it With Water As a Whole Part After Use,;;;;;31,2;69;99;https://dumeycreations.co.za/products/anti-snoring-device;;;This anti snoring device is made of comfortable silicone and abs, totally BPA free and non toxic. anti snoring device the most comfortable anti snoring device on the market. Help You Stop Snoring, Breath Easily At Night And Sleep.Snore Stopper Aids Built-in Active Carbon Filter, Which Can Effectively Filter Harmful Particulate Matter In the Air, Be Safer To Get More Oxygen, Breathing Purified Air And Protect Your Health During Sleep Time.The Anti Snoring Device is The Perfect Solution For All Snorers, Not Only Can Effectively Relieve Snoring, It Also Promotes Improved Air Circulation In The Nose And Lungs And Increases Healthy Airflow, Effectively Solving The Problem Of Nasal Congestion. Improving Your Nights Sleep Dramatically.Anti Snoring Devices Are Easy To wear And Take Down, Simply Insert The Vent Into The Nostrils And Sleep Quietly. When Placed Inside The Nostrils Correctly, You Should Notice Immediate Results Of Being Able To Inhale Deeper Due To Passageways Being Opened. Suitable for Any Shape of Nostrils. Just Wash it With Water As a Whole Part After Use,
DM9183;Peacock Projection Lamp;"Made from environmentally friendly materials that are non-toxic and odorless, this product boasts a long service life and a charming peacock shape that adds a touch of simplicity and elegance to your space, creating a dreamlike atmosphere for every joyful and romantic evening.By simply touching the wing or pressing the ""AUTO"" button on the remote control, the light color changes automatically; touch the wing again or press the ""Manual"" button to set it to a stable light color, instantly transforming your home into a symbol of modern style and trends.You can choose from a 1 hour or 3 hour automatic shutdown feature and include 3M tape that makes it easy to mount the lamp on a wall or table, providing flexible and convenient placement options.With a 1200mAh rechargeable battery, the Peacock projector can operate for up to 3-4 hours without needing to be plugged in, allowing you to place it wherever you desire without being tethered to an outlet.Perfect for enhancing the ambiance of special occasions such as festivals, birthdays, and other celebrations, this beautiful decoration can be used in various spaces including bedrooms, couple's rooms, living rooms, nurseries, hallways, balconies, and even in cozy bar settings or cafes.";;;;;207,2;285;369;https://dumeycreations.co.za/products/peacock-projection-lamp;;;
DM8924;Moving Sand Art 3D Seascape Relaxing Display (Small)(17.5cm);Available colour will be supplied. Away form the complex vision, the soul of the living room between the lines. Continuous flow of sand painting, can alleviate pressure and relieve eye fatigue, suitable for office workers, students and people who work long hours in front of the computer.Excellent design gives this sand painting more meaning. It can be rotated 360°, every time it rotates, the sand starts to move, it is pleasing to the eye, feel particularly calm and relaxed, which is a glamorous decoration for any occasion.Use sealing glass, colorless liquid, special sand and appropriate amount of air bubbles to create a perfect picture, every flip can produce a completely non-repeating dynamic picture, which makes you unbearable to release.Sand paintings are especially suitable for office workers, students, and people who work at the computer for a long time. Great gift for holidays, birthdays, celebrations, anniversaries and families.;;;;;79,2;129;199;https://dumeycreations.co.za/products/moving-sand-art-3d-seascape-relaxing-display;;;
DM6729;Wall Mildews Remover (60ml);"Keep your home free of musty, damp smells that are usually left behind by other sprays; our mildew cleaner foam spray is great to use in the kitchen, toilet area, drywall curtains.Prevent the recurrence of mold and prevent the growth of. You can effortlessly remove black and brown stains, especially in the sealed joints of your bathtub or shower. Our spray is great to use in the kitchen, toilet area, drywall shower curtains. Our instant spray cleaner removes the stains left behind from black mold. they tend to leave behind ugly staining that can go deep below the surface.Simply spray our ready-to-use formula on the affected area and watch the stains disappear right before your eyes! Wipe it with an old toothbrush or rag after a period of time (the time depends on the degree of moldy, usually 3-5 hours). If there is mildew, please repeat the operation.Easily remove stains from bathtubs, decks, wood, vinyl siding, drywall, concrete floors, brick walls, kitchen and bathroom tiles and other areas where mold and mildew tend to grow.";;;;;36;79;120;https://dumeycreations.co.za/products/wall-mildews-remover;;;
DM4093;Stainless Steel Ice Cream Scoop;Excellent for easy scooping of ice cream, rice, and other meals. Provided with a mechanism for easy scooping of the chosen amount of food. Made of high-grade stainless steel.Ideal for use at home, in a restaurant, or an ice cream parlorMade of stainless steel materialNatural and harmless, healthy, tasteless, and noncorrosiveCan be cleaned by water and kept as bright as when new;;;;;39,2;59;99;https://dumeycreations.co.za/products/stainless-steel-ice-cream-scoop;;;
DM5165;Metal Stack Rack (2 Tier);"2-Tier Countertop Basket: This basket is designed to hold both fruits and vegetables, to keep your space tidy and organized. The open wire basket design lets air circulate, easy to clean, simple and not bulky. It doesn't take up much countertop space and its frame allows fruit to breath and not be suffocated. Functional & Versatile: This fruit basket organizer can be placed with fruits, vegetables, small household items and office supplies. Perfect solution for home storage, fits to any style and decor. Durable Construction: Basket frame is made of sturdy and durable iron with white coating, rust-proof and water-proof. This fruit and vegetable stand featured with easy-to-carry integrated handle that is built to make it simple to transport goods from pantry to basket to table. Product Dimensions: Upper Basket: 9.4 x 7.1 inches; Lower Basket: 11.8 x 7.1 inches. The total height of the basket tiers reaches 12.6 inches. Upper basket is slightly smaller to give the basket style a tiered effect, allows you to separate fruit and vegetables. Fruit Storage Baskets";;;;;159,2;219;339;https://dumeycreations.co.za/products/fruit-basket-2-tier;;;
DM3251;Multifunctional Paper Towel Hook (28cm);Organize cabinets and counters, and increase kitchen space! Simple and stylish design, this stand can hold a variety of kitchen tools, such as pot lid, cutting board, cookie tray, baking tray, cups, roll paper, wrap, etcWidely Used: Stick them on cabinets and walls, organize cabinets and counters, increase kitchen spaceEasy to install: Even women can assemble it within minutes. No drilling is required, no wall damage;;;;;15,2;39;49;https://dumeycreations.co.za/products/multifunction-storage-hook;;;
DM9126=White,DM9127=Black,DM9128=Light Pink,DM9129=Dark Pink,DM9131=Green;Stainless Steel Vacuum Insulated Tumbler with Lid and Straw (1200ml);Whichever way your day flows, This tumbler (Stanley)keeps you refreshed with fewer refills. Double wall vacuum insulation means drinks stay cold, iced or hot for hours.Advanced Lid Construction: Whether you prefer small sips or maximum thirst quenching, The tumbler has developed an advanced lid, featuring a rotating cover with three positions: a straw opening designed to resist splashes with a seal that holds the reusable straw in place, a drink opening, and a full-cover top for added leak resistance. We’ve also included an ergonomic, comfort-grip handle, so you can easily carry your ice-cold water to work, meetings, the gym or trips out of Earth-friendly Quality: Constructed of 90% recycled BPA free stainless steel for sustainable sipping, The Tumbler has the durability to stand up to a lifetime of use. Eliminate the use of single-use plastic bottles and straws with a travel tumbler built with sustainability in mind. Washing Safely: Spend less time hunched over the sink and more time doing the things you love. Cleaning your tumbler and lid couldn't be easier, just pop them into the dishwasher. Unlike plastic bottles that retain stains & smells, this metallic beauty comes out pristine;;;Colors;White,Black,Light Pink,Dark Pink,Green;143,2;219;349;https://dumeycreations.co.za/products/stainless-steel-vacuum-insulated-tumbler-with-lid-and-straw-1200ml;;;
DM9116=White,DM9117=Black,DM9124=Green;Mini Stainless Steel Flask with Handle and Straw (600ml);Keep your drinks at the perfect temperature all day with this 600ml Mini Stainless Steel Flask with Handle and Straw. Designed with a convenient handle and built-in straw, it’s perfect for hands-free carry and sip easily. Whether at school, work or on the go, it’s a fun and functional hydration companion. BPA-freeInsulation keeps beverages hot or coldStainless steel material ensures longevityCompact size & built-in handle make it easy to carryIdeal for school, playdates, or outdoor adventuresLeak-proof and sweat-proof construction Includes a reusable straw, helping reduce wastePlease note: Colour may differ slightly due to lightingProduct Specifications Material: Stainless steel and plasticDimensions: 20 x 8cm (approx)Capacity: 600ml;;;Colors;White,Black,Green;119,2;169;259;https://dumeycreations.co.za/products/mini-stainless-steel-flask-with-handle-and-straw-600ml;;;
DM4302;Portable Insulated Thermal Soup Cup (500ml);These microwave soup mug with lid go right from the microwave to the table. No need for additional pans or bowls. Great for soups, noodles, stews, chili, and hot cereals.;;;;;63,2;89;149;https://dumeycreations.co.za/products/copy-of-500ml-portable-insulated-thermal-soup-cup;;;
DM9110=Black,DM9108=Yellow,DM9109=Green;Single Wall Glass Mug  (380ml);This elegantly crafted single wall glass mug is perfect for enjoying a delicious cup of coffee or tea. Its sleek design not only enhances your drinking experience but also adds a touch of sophistication to your kitchenware. This mug makes an ideal gift, especially for Mom this Mother's Day. Show her how much you care with a gift that combines both style and functionality. Whether she prefers a soothing tea or a rich coffee, this mug will make every sip special.;;;Colors;Black,Yellow,Green;31,2;44;65;https://dumeycreations.co.za/products/single-wall-glass-mug-black,https://dumeycreations.co.za/products/single-wall-glass-mug-yellow,https://dumeycreations.co.za/products/single-wall-glass-mug-green;;;
DM9151;Cast Iron Tea Kettle 900ml (Excluding Accessories);This tea kettle is made of high-quality cast iron, it is durable and healthy.With excellent thermal conductivity, this is a perfect kettle for boiling water or making good tea.Our teapot adopts japanese style appearance design. It is suitable for the collection of tea lover and also a perfect gift for your families or friends.This iron teapot is just the right size and weight. You wont feel uncomfortable when using it.;;;;;295,2;399;651;https://dumeycreations.co.za/products/cast-iron-tea-kettle-excluding-accessories;;;
DM5920;Handheld Milk Frother (Each);Available colour and design will be supplied. Electric Handheld Milk Frother Battery Operated Coffee Frother and Foam Maker with Steel Whisk for Cappuccino Latte;;;;;23,2;49;69;https://dumeycreations.co.za/products/handheld-milk-frother-each;;;
DM6270;Folding Washing Machine;Available colour will be supplied. The perfect quick wash for smaller laundry items! Mini portable washing machine is designed for delicate and small things It's save water and electricity. The portable washing machine can wash baby clothes, underwear, towel, socks, toys or other small items, also can wash jewelry, glasses, fruits and vegetables. When you are on vacation or camping, you can carry it out to make it more convenient for you to wash clothes outdoors. The Smart Foldable Washing Machine is portable and compact, which is very suitable for washing children's clothing, underwear, socks, towels, etc. Effectively remove dirt, and make your clothes clean. Durable Materials :This mini washing machine is made of environmentally friendly ABS and TPR materials. Can carry up to 2 kg (water) clothing weight. Foldable Design: The foldable laundry tub washing machine features a foldable and portable bucket type design for easy storage when not in use. Ultrasonic Washing Machine: The washing machine will send out vibration waves for a higher sterilization rate to remove dirt more effectively. Energy-saving and environmental protection, saving water and electricity. Easy to Use: One button to control the washing machine, just touch the button for two seconds to start the washing machine. One Key Multi-Function Control - 3 functions can be achieved at the touch of a button, with 1 mins, 5 mins, 10 mins modes. Regular semi-automatic cleaning mode, through high frequency vibration to accelerate the decomposition of stains emulsification, so that you can easily complete the cleaning or drying effect With high-frequency washing, all-round rubbing, positive and negative hand rubbing, strong stain removal. Built-in pure copper high-power motor, high-speed operation, control the washing rhythm, no stains remain, and cleaning is more powerful. Newly upgraded washing and leaching : The newly upgraded detachable drain basket, one-button drain, simple operation, can be dried after washing Ultra Quiet Design: Mini portable washing machine provides a quiet and peaceful laundry experience. 1 button operation that frees up your hands and saves you time and effort.;;;;;255,2;349;475;https://dumeycreations.co.za/products/folding-washing-machine-1;;;
DM5234;Meat Tenderizer Hammer;There are double sided mallet style making it multi-functional. Use the flat side to flatten meat or use the textured side to tenderize meat, creating soft and juicy steaks when cooking which will bring you much convenience. The wooden handle and smooth surface is comfortable and safe to use. After each use, just soak it the in soap water after a few minutes and wash it with the brush, which helps it keep clean. Not only is it great for tenderizing, but also great for putting patterns on patties, cracking open nuts & opening jars Size: 10x26cm;;;;;24;59;98;https://dumeycreations.co.za/products/meat-tenderizer-hammer-1;;;
DM2010;Kitchen Knife Organiser;Innovative design: Unique design creates more space for your drawer.Space saving: The separate stacking compartment is suitable for storage different cutlery.Beautiful appearance: The cutlery icon is easy to identify, so it is very convenient.Easy to clean: The kitchen drawer tray is easy to wash by hand, and it is;;;;;79,2;129;199;https://dumeycreations.co.za/products/cutlery-knives-separate-storage-holder;;;
DM2881;Dual Action Citrus Press;Available colour will be supplied. Easy manual operation, handy and comfortable to use.Its compact form makes it easy to store, pack & carry for outing & picnics.Handle design: user-friendly handle design, comfortable grip, easier juicing.The heavy duty manual juicer is made of high-quality Plastic material, greater strength enough to support a larger force, better corrosion resistance, good for health.The components of this fruit juice squeezer are removable for easy cleanup.Ergonomic design : The longer length of the handle allows you to take its leverage and makes squeezing really easy. You can also comfortably put pressure on the handle without the edges of the handle cutting into your hands.;;;;;47,2;69;122;https://dumeycreations.co.za/products/manual-lemon-clip-juicer;;;
DM4063;Crinkle Cut Knife;Crinkle slicer design, let the food shoe the shape of waves, it is a nice presentation, attractive eyes, and make people more appetite.Stainless steel blade, sharp enough to cut into the potato ,cucumber, and other vegetable or fruit.Just with small hand strength.Longer comfortable handle design, soft and anti-slip surface treatment,fit your hand and grip well.Longer comfortable handle design, soft and anti-slip surface treatment, fit your hand and grip well.Compete and no gap design, easy clean, would be a unique kitchen cutting gadget in your drawer;;;;;20;79;115;https://dumeycreations.co.za/products/crinkle-cut-knife;;;
DM5500;Pizza And Cake Tong;Make your life so much easier with these pare of cake slice snatchers!! Designed to be lightweight but strong making this an optimum picking up tool to pick up and hand out slices of cake or pizza without worrying over the cake slice sliding of off your spatula.This spatula has a small fork-like grip on the top to ensure a secure but un-damaging hold on your cake slice, pizza slice or whatever you decide to easily pick up. With stainless steel food grade steel, ensuring durability and longevity.The handles are also made of stainless steel and the shape gives it a natural hold in your hand making your grip stronger while keeping your hand in a comfortable position. This stool is also not too big and therefore can be used in many occasions.This can be an ideal braai tong as well too lift up any large meats, flatbread etc. from the fire Only about 27cm long, this tong can easily be packed away for holiday adventures.;;;;;39,2;79;129;https://dumeycreations.co.za/products/pizza-and-cake-tong;;;
DM7111;Axe Pizza Cutter;A random colour will be supplied. This axe pizza cutter can easily slice pizza with a fun axe shape design, with a very sharp rotating blade and a comfortable bamboo handle. Easy to clean, safe to rinse with water. Size: 10x19cm;;;;;31,2;59;99;https://dumeycreations.co.za/products/axe-pizza-cutter;;;
DM4095;Easy Grip Jar Opener;Available colour will be supplied, Adjustable sizes of circular openings make the jar opener extremely convenient to open a wide variety of lid sizes.;;;;;31,2;59;93;https://dumeycreations.co.za/products/easy-grip-jar-opener;;;
DM6911;Wooden Handle Cheese Knife Set (Set A) (4pcs);Cutting Firm Cheese: A cheese knife is commonly used to cut firm cheeses, such as Cheddar, Gouda, or Parmesan. Its sharp edge and narrow blade allow for clean and precise cuts, enabling you to slice through the cheese without crushing or crumbling it.Slicing Semi-Soft Cheese: The sharp blade of a cheese knife is suitable for slicing semi-soft cheeses, like Brie, Camembert, or Havarti. Its narrow and pointed shape enables smooth, controlled cuts, resulting in neat slices.Spreading Soft Cheese: Some cheese knives have a broader, rounded tip that can be used for spreading soft or creamy cheeses, such as goat cheese or cream cheese. The wider blade allows for effortless spreading on crackers, bread, or bagels.Serving Cheese: Cheese knives are designed not only for cutting but also for serving cheese. The thin, pointed blade helps lift and transfer slices of cheese from the cutting board to a serving plate or cheese board.Pairing with Wine: Cheese knives are often used during cheese tastings or wine and cheese pairings. The specialized design of the knife enhances the presentation and allows for precise cutting and serving, enhancing the overall cheese tasting experience.;;;;;47,2;69;99;https://dumeycreations.co.za/products/cheese-knife-set-4-pcs;;;
DM3564;Muffin Pan Cupcake Mold Baking Tray (6 Cups);Size 26x18cm Bake muffins at home using this cool muffin tray. The tray is made of a good quality non-stick material. Each tray has 12 cups. This item can easily be washed.;;;;;28;59;99;https://dumeycreations.co.za/products/6-cups-muffin-pan-cupcake-mold-baking-tray;;;
DM5787;Fruit And Cookie Cutter Set (9 pcs);These adorable mini cutters easily cut fruit and vegetable in to fun shapes. Suit for make cake, biscuit, cookie, fruit, vegetable use and more.Best for kid's lunch boxes or for snacks, desserts and bento boxes, or for garnishing your next party platter or cocktail!This amazing vegetable cutter is perfect for cutting through carrot, kiwi, watermelon, cucumber, cheese, small apples and more.Packing with 9 cookie cutters in various shapes, this shapes will make both kids and adult long for meal times.;;;;;39,2;69;110;https://dumeycreations.co.za/products/fruit-and-cookie-cutter-set-9-pcs;;;
DM2448;Shape Variety Cake Mould Set (3pcs);Premium nonstick surfaces mean effortless remove from the mold and easy to clean and it is dishwasher safe. You can also use this pan with or without baking cups!3 pcs mould is extremely convenient to use and is already a favorite in most of the kitchens.Perfect for after school treats, parties, birthday, Christmas, wedding and more.;;;;;143,2;199;299;https://dumeycreations.co.za/products/3-piece-shape-cake-mould-set;;;
DM7068;Round High Quality Silicone Air Fryer Tray Liner (20cm);Available colours will be supplied. Enough to Use: you will receive 1 piece of silicone baskets for air fryer, you can recommend them to your friends.Reliable and Safe: these reusable are made of quality silicone material, heat resistant and non stick, can withstand the temperature up to 428 degrees FAHRENHEI-T, not easy to deform or tear, which can be applied for a long timeApplicable Ranges: these air fryer silicone mats are suitable for air fryers, microwave ovens, ovens, steamers, cookware and more, and can be widely applied for baking, roasting, frying or holding food, fit for home baking, camping, barbecue, summer parties and so on, which will be very practical kitchen toolsNovel Design: each silicone air fryer accessory is designed with round, like cupcake liner shape, and adopts high rim, which can protect the sides of the fryer and keep food from sticking on them, bringing you a nice use experience;;;;;44;69;99;https://dumeycreations.co.za/products/copy-of-silicone-air-fryer-tray-liners-20cmeach;;;
DM5882;Silicone Air Fryer Liners (6 pcs) (Grey);This is your ultimate kitchen companion for guilt-free and hassle-free cooking! Pack of 6 and all different diameters to fit various foodFlexible and non-slip design ensures a secure fitThis innovative set will revolutionize the way you use your air fryerEven heat distribution, resulting in crispy, delicious meals every timePromotes effortless cooking and easy clean-ups;;;;;71,2;109;179;https://dumeycreations.co.za/products/silicone-air-fryer-liners-6-pcs;;;
DM8498;Supersonic Electric 5-Tray Food Dehydrator;"Turn your favorite fruits, vegetables, and meats into deliciously healthy snacks with this outstanding professional electric food dehydrator machine for home. With a temperature range from 0 degrees celsius - 70 degrees celsius, you can easily determine the best setting on this food dehydrator for beef jerky, dried mushrooms, and even herbs. Create homemade delicious snacks and enjoy a healthy life! The control panel lets you set temperatures from 0 degrees celsius - 70 degrees celsius. The dehydrator's base can be cleaned with a damp cloth or a sponge. The 5 trays can be placed in the top rack of the dishwasher to make cleanup easier. Remember to remove the trays before the drying cycle begins. With noise levels less than 47dB, the dehydrator doesn't add any unwanted noise to your kitchen, and it won t disturb you while it s dehydrating food overnight. This food dehydrator is designed with 5 large capacity food-grade drying racks, which is enough to hold most food items and create uniform drying; 5 trays provide the ultimate convenience to classifying different food and increase productivity. The dehydrator is detachable and the trays are dishwasher safe, making it easy and convenient for you to clean and store; Suitable for drying fruit, vegetables, meat, herbs, flower tea, nuts, mushrooms, or to make biltong, beef jerky, turkey jerky, fish jerky, and any other homemade food, also can be used to make chews and snacks for your pets. Made of premium plastic trays are absolutely safe for your health; Enjoy an easy, healthy homemade snack without any additives.";;;;;551,2;729;830;https://dumeycreations.co.za/products/supersonic-electric-5-tray-food-dehydrator;;;
DM3172;Foldable Collapsible Silicone Funnel;A stylish addition to your kitchen, ideal for transferring liquids. Available colour will be supplied.Collapsible, can be put into a small box or hanged up with a small hole on it, saving places.Material: Flexible hygienic silicone;;;;;15,2;29;42;https://dumeycreations.co.za/products/foldable-collapsible-silicone-funnel;;;
DM7117;Scoop Shape Colander Strainer (34cm);A random colour will be supplied. Avoid spills and burns from pouring hot water. Enjoy serving directly from pot to plate with its generous capacity. Easily scoop, drain, and serve food straight from hot pots or baking trays. It's perfect for fishing out pasta, veggies from boiling water. Ideal for washing smaller items like berries or cherry tomatoes without the need for a large colander.;;;;;15,2;39;69;https://dumeycreations.co.za/products/scoop-shape-colander-strainer-34cm;;;
DM7361;2in1 Collapsible Over The Sink Strainer (Each);Available colour will be supplied. Transform your kitchen experience with the ultimate collapsible over-the-sink strainer! This versatile kitchen essential is perfect for washing and draining fruits, vegetables, pasta, and more. Its compact, collapsible design allows for easy storage, saving you precious cabinet space. The vibrant green and grey colour scheme adds a modern touch to your kitchen decor. Crafted from durable, food-safe materials, this strainer is built to last. The over-the-sink feature ensures easy draining without the mess, making meal prep a breeze. Upgrade your kitchen arsenal with this must-have strainer and enjoy the perfect blend of convenience and style! Size: 22x45cm;;;;;47,2;69;109;https://dumeycreations.co.za/products/strainer;;;
DM4149;Lunch Box (1.4L)(2 Layer);The lunch box has 3 separate compartments with a total capacity of 1400ml, ideal for packing a variety of foods into healthy portions, helping to balance meals. There is 1 food divider inside, which can separate food easily and freely, preventing food from mixing and keeping the original taste of food.;;;;;95,2;149;229;https://dumeycreations.co.za/products/2-layer-lunch-box-1;;;
DM6876;Micro Pressure Cooker (22cm);"A brand-new micro-pressure cooker, a new concept of 5.0kPa micro-pressure stew. The new and innovative micro-pressure gathering energy, high appearance, and unique air valve pressure relief protection design make cooking more worry-free.Micro-pressure stew pot, the food-grade sealing ring fits seamlessly with the pot cover, and the sealing is tighter. The integrated structure of binaural locking and pressure locks heat more, innovative micro-pressure technology, safe pressure, light pressure, no loss of food nutrition, pure physical non-stick coating, healthy and worry-free cookingDelicious home-cooked dishes, create a warm mood, let your family share your cooking skills with cooking utensils, and help you become a new star in your heart.The main differences between a miniature pressure cooker and a pressure cooker are as follows:Different working pressuresThe pressure of the miniature pressure cooker is less than 1.2 atmospheres when working;Different effects of heating foodThe micro pressure cooker cooks faster than a regular pot without affecting the taste and nutrition of the food;A high temperature and high pressure environment is formed inside the pressure cooker, and the re-cooked food is very crisp, but the high working pressure destroys the nutrition.Different security and ease of useThe miniature pressure cooker has a simple structure and is convenient to use. The shell can be opened during use, and there will be no hidden danger of overpressure explosion;The structure of the pressure cooker is more complicated, the use is more complicated, and there are many precautions. The case cannot be opened during use, only after the air pressure has dropped. There is a safety hazard of overpressure explosion.";;;;;175,2;239;299;https://dumeycreations.co.za/products/micro-pressure-cooker-22cm;;;
DM6554;Multifunctional High Speed Grinder;Quick Grinding: Grinds coffee beans, spices, nuts, and more quickly and efficiently.Electric: Powered by electricity, this grinder is easy to use and convenient.Versatile Design: This grinder is designed to tackle a wide range of grinding tasks, from grinding spices to grinding coffee beans. 950W Do not clean the machine with water, you can clean the machine by cloth or brushDuring using, do not open the upper cover or put your hands;;;;;551,2;729;800;https://dumeycreations.co.za/products/multifunctional-high-speed-grinder;;;
DM5510;Aluminium Foil Roll (30cm);Aluminium foil is an important assistant in preserving and protecting foods.Keeps your food fresh for a long time.For cooking, Freezing, Wrapping, Storing.Ideal for lining baking pans for easy clean-up.Freezing meats as it prevents frost and freezer burns.Lining charcoal grills to fix puncture vent openings.Catching oven spills for easy clean-up.Lining cookie sheets.Roasting juicy turkeys without splatters.;;;;;36;49;79;https://dumeycreations.co.za/products/aluminium-foil-roll-30m;;;
DM4640;Electric Convection Halogen Oven (12L);This halogen oven is a necessity in every kitchen that helps to grill, Broil, defrost, steam and stir fry chicken, turkey, fish, corn, potato etc.The halogen oven is easy to operate.This handy kitchen essential uses a fraction of the oil that a traditional fryer uses, making it a quick and healthier way to enjoy the foods you love.Packed full of features to make it really convenient to use, such as variable temperature control and a timer function, this kitchen gadget will soon be your go-to item when you want a quick and delicious mealA removable glass bowl for easy cleaning and observation. Convection circulates the air for even heat distribution to ensure even cooking of food.;;;;;767,2;1109;1820;https://dumeycreations.co.za/products/convection-oven;;;
DM6727;Washing Machine Cleaner Descaler;Washing machine cleaner tablets will deep cleaning accumulated dirt and odor-causing residues with maximum efficiency. After cleaning washing machine, it would be clean and like brand new. This will also make your washed clothes cleaner and healthier to wear.We provide a large number of cleaning effervescent tablets in this box, a total of 100g of cleaning tablets is included in it, not a small package, so you don't have to buy it again and again. We also have 2 sets available for purchase if needed.You don’t have to worry about the type or brand of your washing machine. Works great with all washer machine. This cleaning effervescent tablet contains active oxygen molecules, biological enzymes and active infiltration formulations, etc. It can remove 99% of dirt deposit and residue, to keep washing machine and pipes clean.For refreshing & protecting your machine and extending the life cycle of washing machine, our washing machine cleaner tablets eliminate unwanted bad odors by thoroughly cleaning and removing residues in your washing machine where you can’t see.The eco-friendly formula will descale, deep cleans, remove grime, deodorizes your washing machine cleaner. And it’s also safe for internal parts, pipes and whole septic tank system. Simply place washer cleaner tablet in the washer drum and let it work. You and your family will stay healthy.;;;;;39,2;69;109;https://dumeycreations.co.za/products/washing-machine-cleaner-descaler;;;
DM6293;Hanging Sink Drain Basket;Available colour will be supplied. Kitchen sink saddle trash strainer basket can not only filter, Can effectively filt food residue. but also store kitchen small accessories, so that your sink will no longer be messy, to keep the kitchen desktop neat easily.Quality Material: The Sink Colander Basket Is Made Of Quality Plastic Material, Stable And Durable. and not easy to break when used. Smooth Surface And Edge To Prevent You From Scratch.Multifunctional Design: Saddle shape design, suitable for narrow place and corner. There Is A Slot At The Bottom For Drainage, Which Can Be Used To Wash Vegetables Or Filter Kitchen Waste. The Other End Has A Non-slip Texture That Can Store Sponges, Dishwashing Brushes And Soap.Easy To Clean : The drain basket is widened and deepened, which can easily accommodate a large mount of kitchen waste and fruits. The drain basket also can store small kitchen tools and other small subjects. Large opening design, easy to clean after use, clean water after flushing.;;;;;20;45;69;https://dumeycreations.co.za/products/hanging-sink-drain-basket;;;
DM8257;Collapsible Foldable Storage Shopping Basket;Size: 15x20x30cm. Simply pop-up to open when using and collapses to flat for space saving. Reusable item, easy to clean for daily use. Available colour will be supplied;;;;;79,2;129;189;https://dumeycreations.co.za/products/collapsible-foldable-storage-shopping-basket;;;
DM7325;Bamboo Appetizer Platter (3 Compartment);Size: 16x39cm. Introducing the Bamboo Appetizer Platter with 1 Large Compartment and 2 Side Compartments, a stylish and functional addition to your entertaining essentials. This platter is crafted from high-quality bamboo, known for its durability, eco-friendliness, and natural beauty. The main feature of this platter is its versatile design, featuring one large central compartment and two side compartments. This layout allows you to elegantly display a variety of appetizers, snacks, fruits, cheeses, or desserts in one convenient serving dish.;;;;;71,2;119;199;https://dumeycreations.co.za/products/bamboo-appetizer-platter-3-compartment;;;
DM1958;Mini Portable BBQ Grill;Great for camping and tailgatingGrill burns charcoal or wood.Enamel Coated grill pit with detachable standPortable and easy to storeScientific designFashion designEasy to tear open outfitDurable and easy to cleanEnjoy the barbecue pleasure;;;;;159,2;279;449;https://dumeycreations.co.za/products/mini-portable-bbq-grill-barbeque;;;
DM1747;Door or Window Alarm System;Wireless magnetic mini alarm for windows, doors, drawers, cabinets, shop windows, refrigerators, etc. is autonomous and does not need power connection.;;;;;23,2;69;109;https://dumeycreations.co.za/products/rl-door-window-alarm-system;;;
DM2777;Pepper Spray Keyring For Self Defence (20ml);Description Emergency defence Role: Through the spray, the attacker is blind, the respiratory tract coughs, the body feels uncomfortable, heartburn is uncomfortable, tingling and pain, skin numbness, weakness, tears, sneezing, and coughing. Let criminals lose the ability to attack and resist! (This product is extracted from high concentrations of pepper water and pepper. It is harmless to the human body. Generally, it can be released for more than 20 minutes. It can be cleaned with water. The user can use it safely for defence. There is no legal responsibility.) Use with attention to the direction of the wind, be careful The note: This product is very powerful. Do not test your body at will. Especially the elderly and children can only be used for proper defence. Product Size: 8.5cm/10cm * 2cm Weight: 20ml;;;;;28;11;11;https://dumeycreations.co.za/products/2019-20-style-pepper-spray-self-defense-device-personal-security-cs-tear-gas-professional-pepper-spray-police-magnum-safety-lock-with-practice-spray;;;
DM5335;Self Defence Taser (8000K Volt);This product is an ideal defensive tool, the effect of shock is short: from (1-2 seconds) causes muscle spasms and fear, mean: from (1-3 seconds) can cause collapse and fainting the assailant will resume after some time, strong: from (4-5 seconds) causes shock and loss of orientation for a few minutes and can also cause collapse with loss of will in pursuing his criminal intent. In the long years in which the product has been used, it has been found that most of the time it has never reached contact, in fact the Taser has a great psychological deterrent. Our advice, in the event of an attempt to assault, is to operate the shock several times without approaching so as to give the possibility of escape avoiding contact between the two people.;;;;;87,2;11;11;https://dumeycreations.co.za/products/self-defence-taser-8000k-volt;;;
DM2147;Mini HD Wireless WIFI Camera;"This wireless spy security cameras has 6 invisible infrared led lights, it can capture clear image in the dark This nanny camera supports battery powered and plugged into external power sources This wireless hidden camera will send push notification with images to your phone once motion is detected. You can also set motion detection record on Micro SD card, it can save memory card capacity. Only insert Micro SD Card (not included) into this mini hidden nanny cam, next turn on this spy cam, next the mini WIFI camera can auto record HD video to Micro SD Card without Wi-Fi; It can also record videos even if the network is offline. You can view live streaming video when this small hidden nanny camera is connected to WIFI; This wireless security cam has a 150 degree wide angle, which make you can capture clearer and wider image. This mini hidden camera is easy to carry and use. You can use it as home security camera, office and store monitoring, pet camera, dash camera, action cam, baby monitor;";;;;;79,2;11;11;https://dumeycreations.co.za/products/mini-camera-wireless-wifi-home-security-1080p-dvr-night-vision-motion-detection;;;
DM8500;CCTV Analog Camara Kit (4 Cameras);Analog Kits Camara Exterior DVR Plastic Bullet All in One AHD Sets CCTV Camera Systems 2/5MP HD Plastic Bullet camera *4pcs4CH DVR *1pcs5 IN 1 Adapters *1pcsMouse *1pcsScrew Bag *4pcs4 Bunches of Cables (15m) AHD security camera system is totally compatible for your mobile (Android and iOS System) and tablet. Free APP can be download to remote view and playback recordings;;;;;1439,2;11;11;https://dumeycreations.co.za/products/cctv-analog-camara-kit;;;
DM8878;Electronic Digital Safe Lock for Home or Office;Secure your property with this attractive range of highly secure safes. Each features the accessories needed to firmly fix the safe against the wall and all come with the codes and keys needed to get started. In the case of the electronic safes, each can be used with the convenient pin code, while also having key unlocking as a backup in case of forgetting the pin. Also available is a secure lock box with 3 keys. Keep your valuables safe at home or in the office with this ultra-strong and durable Digital Safe that is guaranteed to protect your belongings such as phones, tablets, passports, money, jewellery, keys and other valuable items. There's no need to worry over the safety of your items inside the 2mm thick solid steel walls of this safe, as they have been designed to remain strong and durable, along with the door which has a 4mm thickness for extra security. The safe is complete with inside base carpet padding, digital code locking system and emergency keys. Suitable for mounting or placed on an even surface. Key Features Material: 2mm Solid Steel 4mm door thickness for extra security Capacity (choose from three): 8.5L Main Colour (choose from three): Black/White Can be locked via Digital Code/ Key Two keys included. Batteries: 4 x AA Time out period: After 3 attempts Lock for Key can be hidden. Security code from 3-8 digits using any number from 0-9 Pre-drilled holes behind the safe with included 125px bolts for anchoring Inside tamper-proof hinges Carpet padding on inside bottom Suitable for Mounting or Placed on an even surface.;;;;;551,2;11;11;https://dumeycreations.co.za/products/electronic-digital-safe-lock-for-home-or-office;;;
DM4639;Mini LED Luminous Crystal Lamp (Each);Available colors will be supplied. The light is as dazzling as a diamond, and the plastic lampshade has strong light transmission and the light is soft.Energy Saving and Environmental Protection: Very low energy consumption, very energy saving, service life is up to 50000H. Battery powered, safe to use, don't worry about the danger of electric shockPlastic Material: Made of plastic material, it is transparent as a whole, so that the light of the bulb radiates from the lampshade like a diamond surface, and casts a moving halo in the living room after lighting.IP54 Protection Rating: This crystal table lamp is very robust, it can prevent damage from dust and water spatter from any direction.;;;;;23,2;11;11;https://dumeycreations.co.za/products/led-luminous-crystal-lamp;;;
DM9175;"12"" Ring Fill LED Light (Stand not included)";Ring lights offer 3 colors lighting mode and each lighting mode has 10 adjustable brightness to choose from, meet all your needs in different circumstances. It is the perfect dimmable daytime lighting to take away all the unflattering 2-in-1 design combines the phone holder and selfie ring light together, it is a professional tool for creating live videos/recording with smartphone or computer. Perfect extra light for make-up, live streaming, lay flat, selfie photos, filming, video recording, online teaching, dark scenery vlogging etc. Works with most devices that support USB port. Easy control on cord to on/off or switch to the lighting mode you prefer. Compatible with almost ALL smartphones with or without a case. 360 degree rotatable, adjustable viewing whether it may be horizontal, vertical, or any angle under the sun.;;;;;79,2;11;11;https://dumeycreations.co.za/products/12-ring-fill-led-light-stand-not-included;;;
DM3675;Outdoor Solar Garden Lights (6 pcs);Solar lights are designed for decorating the garden, yard, patio, lawn or illuminate a large pathway, driveway, walkway toward the house. Energy-Saving. No electricity required, 5 hours charging by sunlight, 8 or more hours illumination after dark, once finished installation, no maintain charge and make use of free sunlight to work all the time, the best choice of solar-powered lights. Weather-Resistant. Solar lights with IP44 waterproof certification and made of corrosion resistance ASB materials, so no worry about raining, snowing or exposure to the sun, but it’s important to keep the solar panel off dirt, debris or even snow. Easy Installation. No need for tools or wires to install them, only four steps and a few seconds to finish the installation with our diagram, user-friendly solar lawn lights.;;;;;223,2;11;11;https://dumeycreations.co.za/products/outdoor-solar-garden-lights-set-of-6;;;
DM5963;Solar Watering Can Light;This twinkle star shower is the unique and nice decoration for garden, yard and outdoor. watering can with lights shower head string lights sends a relaxing of water simulating a gentle rain. It can be in plant, window, furniture wait for surroundings to bend easily model. No wiring required. ON/OFF switch on the light cover, please open the switch before charging. The solar garden light will auto sensor, turns on automatically at night and turns off automatically at dawn. It approximately recharge about 6 hours and light 8 hours Outdoor Garden Lights Never worry about exposing the light to the rain or snow. The light can work normally under all kinds of weather with the waterproof rating of IP65 and weatherproof. Add delightful landscape lighting to your front door, lawn, patio, back yard or flower beds. Lights through hollow-carved metal sheets is unexpected beautiful , bringing you fantastic feeling in your garden, patio, lawn and yard at night. SIZE: 21x15x10cm, Elegant by day and delightful at night. It add festive and mysterious atmosphere for the party or summer nights, these solar powered lamp can be a beautiful decoration in your garden, yard, patio, for Great option for gift.;;;;;159,2;11;11;https://dumeycreations.co.za/products/solar-watering-can-light;;;
DM6714;High Quality Smart Watch;Great multi-functional: JUSUTEK smartwatch, with the following functions: Laser irradiated watch, 1.7-inch HD screen smart bracelet, multi-function management, IP68 waterproof, smart watch, music control, and middle-year essential SMS/Twitter/WhatsApp/Line/Gmail notifications, incoming calls, LINE notifications, iPhone & Android compatible, exquisite packaging, gifts, friends, lovers, parents, children, best choiceHigh quality materials – spirit of craftsmen! All products are carefully checked All products can be used successfully All products are carefully managed We treat every guest seriously We will create the spirit of the product with our heart Our products are made of high end watch tips, silicone strap is made of high end materials. This is more comfortable than other watches. More stable than other watches, this item is the same as pictureVarious Sports Modes & Multiple Dial Freely Settings! A variety of sports modes including running, cycling, climbing, tennis, baseball, and more. As a best assistant, you can record each exercise data no matter what exercise you do. In addition, you can set a variety of dials freely with the dedicated app. You can sync your favorite idol, family photos and more with your smart watch. (Note: Please check whether you are permitting the permission of the app.)IP68 Waterproof and Super Standby Time! It has been certified to be waterproof even if submerged in water. Can be used safely when washing hands, rain, sweat, etc., but also for peace of mind when swimming. We do not recommend bathing, hot springs, or swimming with it for 30 minutes or more.Charging time around 2 hours...with a 15 days standby time! Depending on use, battery will last 2 - 7 days;;;;;791,2;11;11;https://dumeycreations.co.za/products/high-quality-smart-watch;;;
DM5429;Multifunctional Smartwatch With Lighter;Supports USB charging, so you don't have to worry about battery life, which can be connected to car, socket, power-bank, computers and other common USB devices to charge. Lightweight design and silicone band make it comfortable to wear. This is a multifunctional fashion watch, it is not only an LED digital watch with clock, month, date, chronograph, timing functions, but also a windproof cigarette-lighterIt is made of high-quality silicone, stainless steel, alloy material. The length of this product is 24.5cm and width is 1.8cm.Stylish and luxurious, ideal for sports, business, leisure, travel, home and other occasions. It's the perfect for your husband, father, boyfriend, brother, nephew, as birthday gift, Christmas gift, Father's Day gift, Thanksgiving gift and more.;;;;;287,2;11;11;https://dumeycreations.co.za/products/multifunctional-lighter-smartwatch;;;
DM4268;T900 PRO MAX Waterproof Smart Watch;Stainless steel bright shell Ultra low power chip IP67 waterproof, soak in water (no use in water) 1.92 high definition screen Double button, rotary button, 5 sets of themes CPU: LY726 Flash: 512KB+16M GPS/AGPS: NO G-sensor: Yes M-sensor: YES BT: 4.2+5.0 Dual-mode BT antenna: Need welding wireLCD: 1.92HD screenTP: ccob capacitance multi touchHeart rate sensor: Heart rateMotor: YesUSB: NOCharging mode: 2pin thimble charging compatible with wireless chargingMicrophone: YesSide key: Knob buttonHorn: YES, Two in one loudspeaker and handsetPower amplifier: YesBattery capacity: 200mAhBasic function: Step, distance, calorie, heart rate/blood pressure/oxygen, BT call, BT Music, temperature, monitoring, sleep monitoring, call reminder, SMS Alerts, social APP message reminder, Alarm clock reminder, A sedentary reminder, sport, Turn the wrist and shine the screen, looking for bracelets, looking for phones, remote photography, rejection of calls, do not disturb, custom dialSocial APP Message Reminder: WeChat, QQ, Facebook, Twitter, Line, WhatsApp, InstagramMulti-sport: Open and close jump, Run, setup, Football, Basketball, Badminton, Mountaineering, etc.Message Push Language: Simplified Chinese, All European countriesAPP System: iOS 9.0 and above, Android 5.0 and aboveAPP Language: English, SC, TC, Netherlands, Russian, French, German, Portuguese, Spanish, Turkish, Japanese, Polish, Arabic???Malaysia, Thai, Czech, SlovakBracelet menu language: English, Simplified Chinese, Dutch, Russian, French, German, Portuguese, Spanish, Turkish, Malay, Polish, Czech, Slovak, Arabic, Thai, Italian.;;;;Him;231,2;11;11;https://dumeycreations.co.za/products/t900-pro-max-waterproof-smart-watch;;;
DM9178;T900 PRO MAX Waterproof Smart Watch;Stainless steel bright shell Ultra low power chip IP67 waterproof, soak in water (no use in water) 1.92 high definition screen Double button, rotary button, 5 sets of themes CPU: LY726 Flash: 512KB+16M GPS/AGPS: NO G-sensor: Yes M-sensor: YES BT: 4.2+5.0 Dual-mode BT antenna: Need welding wireLCD: 1.92HD screenTP: ccob capacitance multi touchHeart rate sensor: Heart rateMotor: YesUSB: NOCharging mode: 2pin thimble charging compatible with wireless chargingMicrophone: YesSide key: Knob buttonHorn: YES, Two in one loudspeaker and handsetPower amplifier: YesBattery capacity: 200mAhBasic function: Step, distance, calorie, heart rate/blood pressure/oxygen, BT call, BT Music, temperature, monitoring, sleep monitoring, call reminder, SMS Alerts, social APP message reminder, Alarm clock reminder, A sedentary reminder, sport, Turn the wrist and shine the screen, looking for bracelets, looking for phones, remote photography, rejection of calls, do not disturb, custom dialSocial APP Message Reminder: WeChat, QQ, Facebook, Twitter, Line, WhatsApp, InstagramMulti-sport: Open and close jump, Run, setup, Football, Basketball, Badminton, Mountaineering, etc.Message Push Language: Simplified Chinese, All European countriesAPP System: iOS 9.0 and above, Android 5.0 and aboveAPP Language: English, SC, TC, Netherlands, Russian, French, German, Portuguese, Spanish, Turkish, Japanese, Polish, Arabic???Malaysia, Thai, Czech, SlovakBracelet menu language: English, Simplified Chinese, Dutch, Russian, French, German, Portuguese, Spanish, Turkish, Malay, Polish, Czech, Slovak, Arabic, Thai, Italian.;;;;Her;231,2;11;11;https://dumeycreations.co.za/products/t900-pro-max-waterproof-smart-watch;;;
DM5350;Assorted Fabric Design Hot Water Bag (2L);Available in Assorted colours. Hot water bottle with polar fleece cover. Perfect snuggle for the winter days and nights.;;;;For Him;39,2;11;11;https://dumeycreations.co.za/products/hot-water-bag-2leach;;;
DM5351;Assorted Fabric Design Hot Water Bag (2L);Available in Assorted colours. Hot water bottle with polar fleece cover. Perfect snuggle for the winter days and nights.;;;;For Her;39,2;11;11;https://dumeycreations.co.za/products/hot-water-bag-2leach;;;
DM5878;Longer Fleece Huggle Hoodies;Approximately 95cm from shoulder till lowest point and 120 cm from top of hoodie till lowest point. Available colour will be supplied. Featuring a 220gsm flannel outer layer with an ultra-soft hand feeling and a 260gsm Sherpa inner lining that adds extra warmth, this wearable blanket is the perfect way to stay warm and cozy during cold weather. In addition to keeping your arms and shoulders covered, this hooded blanket with arm sleeves keeps your hands free and doesn't slip off when you walk or move, so you can wear it not only at home while watching TV, reading or learning, but also outside when walking your pets, camping, or travelling. A stretchy cuff prevents cold air from entering the cuff and allows you to adjust it to any part of your arms, and a big plush hood keeps your head, ears, neck always warm. Moreover, two front pockets allow you to store your phone, remote, or just simply warm up your hands. This oversized blanket hoodie is unisex-designed and comes in several solid colors. As it's suitable for men and women, it is also an ideal gift choice for birthdays, anniversaries, mothers' days, father's days, or Christmas. The hoodie blanket is designed for everyday use, so it’s quite easy to care for - machine wash with cold water separately on gentle cycle, tumble dry on low heat, no ironing required.;;Black;;;199,2;11;11;https://dumeycreations.co.za/products/extra-long-huggle-hoodie-blanket;;;
DM9112;Longer Fleece Huggle Hoodies;Approximately 95cm from shoulder till lowest point and 120 cm from top of hoodie till lowest point. Available colour will be supplied. Featuring a 220gsm flannel outer layer with an ultra-soft hand feeling and a 260gsm Sherpa inner lining that adds extra warmth, this wearable blanket is the perfect way to stay warm and cozy during cold weather. In addition to keeping your arms and shoulders covered, this hooded blanket with arm sleeves keeps your hands free and doesn't slip off when you walk or move, so you can wear it not only at home while watching TV, reading or learning, but also outside when walking your pets, camping, or travelling. A stretchy cuff prevents cold air from entering the cuff and allows you to adjust it to any part of your arms, and a big plush hood keeps your head, ears, neck always warm. Moreover, two front pockets allow you to store your phone, remote, or just simply warm up your hands. This oversized blanket hoodie is unisex-designed and comes in several solid colors. As it's suitable for men and women, it is also an ideal gift choice for birthdays, anniversaries, mothers' days, father's days, or Christmas. The hoodie blanket is designed for everyday use, so it’s quite easy to care for - machine wash with cold water separately on gentle cycle, tumble dry on low heat, no ironing required.;;Navy;;;199,2;11;11;https://dumeycreations.co.za/products/extra-long-huggle-hoodie-blanket;;;
DM9113;Longer Fleece Huggle Hoodies;Approximately 95cm from shoulder till lowest point and 120 cm from top of hoodie till lowest point. Available colour will be supplied. Featuring a 220gsm flannel outer layer with an ultra-soft hand feeling and a 260gsm Sherpa inner lining that adds extra warmth, this wearable blanket is the perfect way to stay warm and cozy during cold weather. In addition to keeping your arms and shoulders covered, this hooded blanket with arm sleeves keeps your hands free and doesn't slip off when you walk or move, so you can wear it not only at home while watching TV, reading or learning, but also outside when walking your pets, camping, or travelling. A stretchy cuff prevents cold air from entering the cuff and allows you to adjust it to any part of your arms, and a big plush hood keeps your head, ears, neck always warm. Moreover, two front pockets allow you to store your phone, remote, or just simply warm up your hands. This oversized blanket hoodie is unisex-designed and comes in several solid colors. As it's suitable for men and women, it is also an ideal gift choice for birthdays, anniversaries, mothers' days, father's days, or Christmas. The hoodie blanket is designed for everyday use, so it’s quite easy to care for - machine wash with cold water separately on gentle cycle, tumble dry on low heat, no ironing required.;;Light Gray;;;199,2;11;11;https://dumeycreations.co.za/products/extra-long-huggle-hoodie-blanket;;;
DM9114;Longer Fleece Huggle Hoodies;Approximately 95cm from shoulder till lowest point and 120 cm from top of hoodie till lowest point. Available colour will be supplied. Featuring a 220gsm flannel outer layer with an ultra-soft hand feeling and a 260gsm Sherpa inner lining that adds extra warmth, this wearable blanket is the perfect way to stay warm and cozy during cold weather. In addition to keeping your arms and shoulders covered, this hooded blanket with arm sleeves keeps your hands free and doesn't slip off when you walk or move, so you can wear it not only at home while watching TV, reading or learning, but also outside when walking your pets, camping, or travelling. A stretchy cuff prevents cold air from entering the cuff and allows you to adjust it to any part of your arms, and a big plush hood keeps your head, ears, neck always warm. Moreover, two front pockets allow you to store your phone, remote, or just simply warm up your hands. This oversized blanket hoodie is unisex-designed and comes in several solid colors. As it's suitable for men and women, it is also an ideal gift choice for birthdays, anniversaries, mothers' days, father's days, or Christmas. The hoodie blanket is designed for everyday use, so it’s quite easy to care for - machine wash with cold water separately on gentle cycle, tumble dry on low heat, no ironing required.;;Dark Gray;;;199,2;11;11;https://dumeycreations.co.za/products/extra-long-huggle-hoodie-blanket;;;
DM1567;Huggle Pet Hoodie (Rainbow Unicorn);Your kids will stay warm and cozy the fun way with Huggle Pets Hoodie! Huggle Pets Hoodie is the fun, new pet thats also a super warm and soft hoodie! It stores as a pet but opens up to an ultra-soft and super warm oversized hoodie! The pet folds magically into the hood and zips securely inside! Perfect for when your kids are playing outside or lounging around the house. Huggle Pets Hoodie is one size fits all, so its great for kids of any age! Huggle Pets Hoodie comes in a variety of different friends to choose from and each with their own unique personality! Theres a cuddly penguin, a brave tiger, a loveable unicorn, a playful puppy, a pretty kitty and many more pals to choose from! Collect them all! Huggle Pets Hoodie goes with your kids everywhere! Keep your kids cuddly warm with their very own Huggle Pets Hoodie!;;;;;159,2;11;11;https://dumeycreations.co.za/products/huggle-pet-hoodie-rianbow-unicorn;;;
DM3565;Huggle Hoodie ;Approximately 80cm from shoulder till lowest point and 108 cm from top of hoodie till lowest point. Escape the cold with the ultra plush blanket hoodie, Huggle Hoodie!Made of ultra soft wool and lined with Ultimate Warming comfort! Hoodie is one size for everyone to keep you cosy and warm from head to toe! It is reversible so you can choose your favourite look. Even a large and spacious pocket to keep what you need in your hand! Most comfortable oversized hoodie that combines the warmth of a cosy blanket with the comfort of your favourite hoodie. Specifications: Material: polyester fabric Size: one size The Huggle Hoodie is the most comfortable oversized hooded sweatshirt that keeps you totally snug and warm from head to toe. Made for the softest, most luxurious blanket fabric and lined with the ultimate in warming, comfort.The amazingly comfortable Huggle Hoodie combines the warmth of a cozy blanket with the comfort of your favourite hoodie. It’s made of ultra-soft fleece on the outside and plush Sherpa material on the inside. Generously sized to keep you warm from head to toe. Features an extra large hood to keep your head warm and snug and a big, roomy pocket to keep what you need right at hand. It’s even reversible!!;;Grey;;;175,2;11;11;https://dumeycreations.co.za/products/grey-huggle-hoodie-for-adults;;;
DM5452;Huggle Hoodie ;Approximately 80cm from shoulder till lowest point and 108 cm from top of hoodie till lowest point. Made of ultra soft wool and lined with Ultimate Warming comfort! Hoodie is one size for everyone to keep you cozy and warm from head to toe! It is reversible so you can choose your favourite look. Even a large and spacious pocket to keep what you need in your hand! Most comfortable oversized hoodie that combines the warmth of a cozy blanket with the comfort of your favourite hoodie. Specifications: Material: polyester fabric Size: one size Escape the cold with the ultra plush blanket hoodie, Huggle Hoodie!The Huggle Hoodie is the most comfortable oversized hooded sweatshirt that keeps you totally snug and warm from head to toe. Made for the softest, most luxurious blanket fabric and lined with the ultimate in warming, comfort.The amazingly comfortable Huggle Hoodie combines the warmth of a cozy blanket with the comfort of your favourite hoodie. It’s made of ultra-soft fleece on the outside and plush Sherpa material on the inside. Generously sized to keep you warm from head to toe. Features an extra large hood to keep your head warm and snug and a big, roomy pocket to keep what you need right at hand. It’s even reversible!!;;Navy;;;175,2;11;11;https://dumeycreations.co.za/products/huggle-hoodie-blue;;;
DM0900;Huggle Hoodie ;Made of ultra soft wool and lined with Ultimate Warming comfort! Hoodie is one size for everyone to keep you cozy and warm from head to toe! It is reversible so you can choose your favourite look. Even a large and spacious pocket to keep what you need in your hand! Most comfortable oversized hoodie that combines the warmth of a cozy blanket with the comfort of your favourite hoodie. Specifications: Material: polyester fabric Size: one size Escape the cold with the ultra plush blanket hoodie, Huggle Hoodie!The Huggle Hoodie is the most comfortable oversized hooded sweatshirt that keeps you totally snug and warm from head to toe. Made for the softest, most luxurious blanket fabric and lined with the ultimate in warming, comfort.The amazingly comfortable Huggle Hoodie combines the warmth of a cozy blanket with the comfort of your favourite hoodie. It’s made of ultra-soft fleece on the outside and plush Sherpa material on the inside. Generously sized to keep you warm from head to toe. Features an extra large hood to keep your head warm and snug and a big, roomy pocket to keep what you need right at hand. It’s even reversible!!;;Maroon;;;175,2;11;11;https://dumeycreations.co.za/products/black-huggle-hoodie;;;
DM3049;Hot Water Bottles with Soft Dot Design ;Available colour will be supplied. Pour boiling hot water in the bottle and it will keep you warm and cozy;;;;For Her;55,2;11;11;https://dumeycreations.co.za/products/hot-water-bottles-with-soft-dot-design-cover-for-her;;;
;;;;;;;;;;;;;
;;;;;;;;;;;;;
;;;;;;;;;;;;;
;;;;;;;;;;;;;
;;;;;;;;;;;;;
;;;;;;;;;;;;;
;;;;;;;;;;;;;
;;;;;;;;;;;;;
;;;;;;;;;;;;;
;;;;;;;;;;;;;
;;;;;;;;;;;;;
;;;;;;;;;;;;;
;;;;;;;;;;;;;
;;;;;;;;;;;;;
;;;;;;;;;;;;;
;;;;;;;;;;;;;
;;;;;;;;;;;;;
;;;;;;;;;;;;;
;;;;;;;;;;;;;
;;;;;;;;;;;;;
;;;;;;;;;;;;;
;;;;;;;;;;;;;
;;;;;;;;;;;;;
;;;;;;;;;;;;;
;;;;;;;;;;;;;
;;;;;;;;;;;;;
;;;;;;;;;;;;;
;;;;;;;;;;;;;
;;;;;;;;;;;;;
;;;;;;;;;;;;;
;;;;;;;;;;;;;
;;;;;;;;;;;;;
;;;;;;;;;;;;;
;;;;;;;;;;;;;
;;;;;;;;;;;;;
;;;;;;;;;;;;;
;;;;;;;;;;;;;
;;;;;;;;;;;;;
;;;;;;;;;;;;;
;;;;;;;;;;;;;
;;;;;;;;;;;;;
;;;;;;;;;;;;;
;;;;;;;;;;;;;
;;;;;;;;;;;;;
